By,Song
Ted Striker,Love is Gonna Make Us Stronger
Ted Striker,Love is Gonna Make Us Stronger
Ted Striker,Fields of Green
Ted Striker,Crystal Mountains
Ted Striker,Learning to Fail
Ted Striker,Runway Dreams
Ted Striker,Neon Nights
Ted Striker,Trial by Fire
Ted Striker,Can I Try Again
Ted Striker,Danger Drive
Koji Kondo,Koopa's Road
Koji Kondo,Honeyhive Galaxy
Koji Kondo,Gusty Garden
Infected Mushroom,The Pretender
Infected Mushroom,Send Me an Angel
Infected Mushroom,The Pretender
Infected Mushroom,The Messenger 2012
EDGE,Kakkoi
Fatboy Slim,The Rockafeller Skank
Fatboy Slim,Weapon Of Choice
Fatboy Slim,Praise You
Squid Squad,Splattack
Squid Squad,Ink or Sink
Hightide Era,Hooked
Hightide Era,Sucker Punch
OCTOTOOL,Tentacular Circus
OCTOTOOL,Cephaloparade
OCTOTOOL,Tornado Shuffle
OCTOTOOL,Eight-Legged Advance
OCTOTOOL,Octoweaponry
OCTOTOOL,Tacozones Rendesvouz
ABXY,Quick Start
ABXY,Friend List
Squid Sisters,Calamari Inkantation
Squid Sisters,City of Color
Squid Sisters,Ink Me Up
Propellerheads,Spybreak!
The Prodigy,Mindfields
ProleteR,April Showers
Mitch Murder,Starworshipper
Mitch Murder,Eye of the Storm
Mitch Murder,Stop Drop & Roll
Mitch Murder,Facepuncher
Mitch Murder,Starworshipper
Owl City,Fireflies
MACROSS82-99,Fun tonight
Mato,Synthpower
Mato,Ambient
Mato,First Night in the new city
Mato,1–800–spoopy
Mato,Sleeping by the fireplace
Taio Cruz,Dynamite
Imagine Dragons,Radioactive
Imagine Dragons,On Top Of The World
Imagine Dragons,It's Time
Imagine Dragons,Tiptoe
Imagine Dragons,Amsterdam
Warak,Cosmic Invaders
Avicii,The Nights
Bastille,Pompeii
Theory of N,WHAT TYPE ARE YOU
Benjamin Briggs,BITE
halc,Photosynthesis
Jakesnke17,Conundrum
DarkeSword,The Destiny Infinite
Phonetic Hero,Wet Dreams
OCRA–0023,Shades of Red
OCRA–0023,Out of Antidote
OCRA–0023,Battle for the Badge
OCRA–0023,Spume
OCRA–0023,My Greatest Rival
OCRA–0023,Casino Lounge
OCRA–0023,My Friend Mudkip
nekodex,circles!
1991,Mayk Yu Myne?
1991,Mayk Yu Myne?
NOMA,Brain Power
NOMA,Brain Power
Waterflame,Blast Processing
Waterflame,Hexagon Force
Queen,Don't Stop Me Now
Queen,Bohemian Rhapsody
Vampire Weekend,A-Punk
Vampire Weekend,A-Punk
GLaDOS,Still Alive
A-HA,Take On Me
Katy Perry,Firework
Ringtail,Waking Up
Ringtail,Waking Up
Daft Punk,Harder Better Faster Stronger
David Bowie,Space Oddity
AC⚡DC,Thunderstruck
Genesis,Land Of Confusion
Phil Collins,Don't Lose My Number
Genesis,Land of Confusion
TheFatRat,Unity
sssShawnnnn,pizza rolls
Yukusek,Here come the Hotstepper
LMFAO,Party Rock Anthem
ZAZ,On ira
Microsoft,flourish.mid
Microsoft,onestop.mid
Microsoft,town.mid
Oingo Boingo,Weird Science
Mega Man 2,Wily Stage
distant,Assholevania
Tally Hall,Good Day
Tally Hall,Greener
Tally Hall,Welcome To Tally Hall
Tally Hall,Banana Man
Tally Hall,Turn The Lights Off
Tally Hall,Ruler Of Everything
Tally Hall,Spring And A Storm
Huey Lewis & the News,The Power of Love
Huey Lewis & the News,Back in Time
Outatime Orchestra,Back to the Future Overture
OMI,Cheerleader
Mark Ronson,Uptown Funk
Maroon 5,Sugar
Masato Nakamura,CHEMICAL PLANT – ACT 1
Jun Senoue,SKY SANCTUARY – ACT 2 – Normal
Tomoya Ohtani,ROOFTOP RUN – ACT 1
Tomoya Ohtani,ROOFTOP RUN – ACT 2
Jun Senoue,SPEED HIGHWAY – ACT 1 ''RUN THROUGH THE SPEED HIGHWAY – Cash Cash RMX''
Jun Senoue,SPEED HIGHWAY – ACT 2 ''RUN THROUGH THE SPEED HIGHWAY''
Mark Mothersbaugh,Emmet's Plan
Yoko Shimomura,The Other Promise
Pyotr Ilʹyích Chaykóvskiy,The Year 1812 Solemn Overture
Shoko Kambe; Akira Mikame,Play throughly the Puyopuyo
Shoko Kambe; Akira Mikame,Block by Block ~ Beat by Beat
Shoko Kambe; Akira Mikame,It's Been a Long Time Since We Passed ​Through Space Time!
Shoko Kambe; Akira Mikame,Folktales From the Motherland!
Shoko Kambe; Akira Mikame,PuyoTetroMix
Kitsune²,little nappy
Kitsune²,rainbow tylenol
Kitsune²,yiff yiff yiff
Kitsune²,magic rock
Kitsune²,jetpack cutie
Kitsune²,The Music From The Bad Guy's Castle
Renard,WI-FI BRIDGE
Renard,Amber Supernova
lapfox trax,Lapfoxed Forever
Renard,I Love My Internet Friends
Renard,What you need
Renard,Because Maybe!
Mayhem,It's Murder
t+pazolite,Okkusenman (Hardcore Mix)
Manuel,Running in the 90's
Dave Rodgers,Deja Vu
Dave Rodgers,space boy
Dave Rodgers,NO ONE SLEEP IN TOKYO
Manuel,Gas Gas Gas
Niko,Night Of Fire
Lou Grant,Don't stop the music
Caravan Palace,Lone Digger
Leslie Wai,Paradigm
Austin Weber, Using the Internet for French
Go Misawa,Devilman No Uta
Toby Fox,Field of Hopes
Atsuko Asahi,Hyrule Circuit
Yasuki Iwata,Ice Ice Outpost
Ryo Namagatsu,Mute City
Kenta Nagata,Big Blue
Kazumi Totaka,Star Maze
Kenta Nagata,Rainbow Road
Yusuke Kamiji,Mega V
Rica Matsumoto,XY&Z
Rica Matsumoto,Alola!!
Junichi Masuda,Battle! Hoenn Elite 4
Go Ichinoise,Battle! Mew
Arata Iiyoshi,Wigglytuff's Guild
Shouta Kageyama,Relic Song
Masami Yone,Green Construction
YK,Egg Of Life (Mwila remix)
Pendulum,The Island (MaxNRG remix)
Pendulum,Blood Sugar
Steriogram,Walkie Talkie Man
Billy Fogarty,Jumpin' Jack Flash
cYsmix,pumpkins!
Dragon Force,Through The Fire And Flames
kors k,Insane Techniques
Saiya,Remote Control
Feint,Time Bomb
Beck,Timebomb
ZUNTATA,Music Plot Type Zero
Namco,The Carnivorous Carnival
Namco,DON'T CUT
Namco,Saitama2000
Namco,Kiminitatchi!
Shimoda Asami,Dororon Girl
Halozy,midnight cookie
Crayon Pop,Saturday Night
Eva a Vašek,Bílá orchidej
Junior Senior,Move Your Feet
Märta,Rawest Forest
Scatman John,Scatman
Scatman John,Scatman's World
Scatman John,Everybody Jam!
LeaF,Calamity Fortune
WORLD ORDER,MACHINE CIVILIZATION
Wotamin,Gigantic OTN
MPAA,Piracy – It's a crime
bill wurtz,outside
bill wurtz,La de da de da de da de day oh
The Flashbulb,Cassette cafe
The Flashbulb,Passage D
Trans-Siberian Orchestra,Wizards In Winter
Russell Velázquez,Gotta Go Fast
Funta,Kao Dekai
Coda,Longcat's Song
Ashens,Silly Monkey
Lazy Town,You Are A Pirate
TuTuWan,I want Jinkela
The Midnight Beast,Tik Tok (Parody)
Pomplamoose,Telephone
MajorLeagueWobs,Meme Circus